{"DzMhN5vDyFdnPYWPxo5C8TPwbPkkCaRfuJNn57hwrFY1":{"volume":40.002733,"cumulativeVolume":984.135721,"timestamp":1707416663840},"7AUqhzocn4dCKGshcCFKKTnL9p3kaNBqrbBoDPBQ3Bp5":{"volume":5.137226,"cumulativeVolume":18343.039178000006,"timestamp":1707416665523},"FPMzbu5iMBEnPKByo6mLhxvnR4am4fCcgcrZsiCn9b3L":{"volume":0.093835,"cumulativeVolume":2465.577074,"timestamp":1707416664971},"CbTcjXEaHtn5yL7gcQ2kZiE1LZBWcXEwhVsSNDoZbFKn":{"volume":249.993882,"cumulativeVolume":2179.79069,"timestamp":1707416665656},"7obg932wg2A1oTZhrPzR4DSdhKbjXzKSfHTBo2Hu5EbP":{"volume":13.290617,"cumulativeVolume":0,"timestamp":1707416634798},"3txdFE5cu4pA84BxKC5jj9TW3CKk7q43tEAmFWqfPHaT":{"volume":1.46754,"cumulativeVolume":229.72942,"timestamp":1707416665731},"G2q3RQxz5X9MZep6HL5NDSxQLeteu4pnrucmrR85C87b":{"volume":0.000899,"cumulativeVolume":0.041137999999999994,"timestamp":1707416658524},"GTfosnXASU3hSMyaHBNn6ozF42WFL9m9naLjYWVs8ony":{"volume":54.632654,"cumulativeVolume":0,"timestamp":1707416635666},"G8cEYL7MhmWAUiozQbtwrZA7N224QBXu2nDN22xfMhFA":{"volume":102.720089,"cumulativeVolume":0,"timestamp":1707416636110},"3xRuP3z4tenuwXr3D9STCoGBcMG5KCiuEXBzVreAchzf":{"volume":0.010261,"cumulativeVolume":0,"timestamp":1707416636547},"GS1VjXDZmDFsiqzBFYoACgRQBmXYuvdPJ88NQcXxg3qM":{"volume":0.871667,"cumulativeVolume":0,"timestamp":1707416636682},"5z3EqYQo9HiCEs3R84RCDMu2n7anpDMxRhdK8PSWmrRC":{"volume":189.041643,"cumulativeVolume":0,"timestamp":1707416636699},"3YzkNZtAQsuAXyezwM8PbggC8u17WwYFVhUWWBPvXLja":{"volume":5.124282,"cumulativeVolume":0,"timestamp":1707416636907},"sin1uRe1cMCWR7VPLdZrGrvKs8UvKMsGzhvpJLg4Ld9":{"volume":6.370185,"cumulativeVolume":0,"timestamp":1707416636914},"32xyCmJtBFzmh6AGgszX8PUrhjkduHWsWDqxWkQbrZQ7":{"volume":27.74104,"cumulativeVolume":0,"timestamp":1707416636992},"DnNYTCeF41rsvAijAL9q6WSpuAWfbtjWo2z4sa563LTY":{"volume":13.342797,"cumulativeVolume":0,"timestamp":1707416637230},"3QYAWuowfaLC1CqYKx2eTe1SwV9MqAe1dUZT3NPt3srQ":{"volume":25.621409,"cumulativeVolume":0,"timestamp":1707416637244},"E8GbMvRU9RyWaihwGuJjuyyZMkHRLyn5grA5Donj9svb":{"volume":40.367243,"cumulativeVolume":72.522685,"timestamp":1707416660248},"GYSsSzUAbYAeia1s54Sb3vPN4nySe3LGPYvkLPDFot6P":{"volume":21.916583,"cumulativeVolume":212.741633,"timestamp":1707416659931},"CAmRdfzxutjCxqvyaDmXWL1rj1Kv1um5UhdPRoYN8eD5":{"volume":3.152261,"cumulativeVolume":0,"timestamp":1707416637281},"CxrhHSqyW8YTDWc4csJMMgo7uBUJSXzNzrWhtw9ULdru":{"volume":292.140404,"cumulativeVolume":0,"timestamp":1707416637289},"4k3Dyjzvzp8eMZWUXbBCjEvwSkkk59S5iCNLY3QrkX6R":{"volume":2.475549,"cumulativeVolume":0,"timestamp":1707416637790},"4acvcTQhR2Z3TWauJZHUFaubyyEBtoybrp5QLobuCkcH":{"volume":38.990299,"cumulativeVolume":0,"timestamp":1707416638189},"87i2R1yrFT9Aiw7cHBuciDMgr3y54S285t5ecEs8PNki":{"volume":8.919845,"cumulativeVolume":8.919845,"timestamp":1707416662170},"8CZ8j23Whax9H6FqNuori3bFguNSuHUX3y4c3dfEh33g":{"volume":1.004178,"cumulativeVolume":2.036909,"timestamp":1707416654697},"2xGwwK3EyTKeyPLxbJTEPwAqihGXGroeoLj54dV7osSX":{"volume":15.541088,"cumulativeVolume":224.10301299999998,"timestamp":1707416659964},"M4A6NfcgxNhvYijAQb7WDdcxftwGxsrbB1HTyXigiHN":{"volume":2.054366,"cumulativeVolume":2.054366,"timestamp":1707416652537},"61vG6tMgsZ4ndQ74kg5i7jWww9w83MqqG41c1aK3VXWu":{"volume":9.604297,"cumulativeVolume":0,"timestamp":1707416640018},"7SdFACfxmg2eetZEhEYZhsNMVAu84USVtfJ64jFDCg9Y":{"volume":4.113537,"cumulativeVolume":0,"timestamp":1707416640657},"GPnYQzcir9TmW2nz7yPxiDG2FZAZWWCR1ANWPeajqvQf":{"volume":1.091559,"cumulativeVolume":0,"timestamp":1707416642266},"D9mFkgnZHnQGRtZKvnJ44yvoLtJmfBZRahXiUKcAzRE4":{"volume":14.762455,"cumulativeVolume":0,"timestamp":1707416642639},"FfUVHNiRpDdcU7eL2fQy6UHYxREhow6RR9r5r8spNjDQ":{"volume":30.81604,"cumulativeVolume":30.81604,"timestamp":1707416654378},"4CuuyBmdbYFUfXh2EHdJ7o2ZT246MR6xVU9vQD1yvDbx":{"volume":7.310691,"cumulativeVolume":11.24263,"timestamp":1707416665722},"FQGzdhCyG6ruUKpPNTN5Abh5FU89Yq2iUaJKLUfXtZzj":{"volume":0.102721,"cumulativeVolume":0,"timestamp":1707416643419},"AqrbuXotTs3ELhwYKpUpVbNfQrZTARcFMyxDu6dMuxoe":{"volume":0.021499,"cumulativeVolume":0,"timestamp":1707416643424},"53qSoi8AS2vhkHA5h3TvgiYoicgpthHxzu62t1pch2Dd":{"volume":0.850256,"cumulativeVolume":2.352836,"timestamp":1707416652576},"8aLRKz5VPVKmRfQRW81Cp9yBBc6ith6aUkAxWVrCkFfA":{"volume":10.267792,"cumulativeVolume":0,"timestamp":1707416645807},"2e6NAJy1qaKMq8PaswP2uzimMDvbr71Tbw38G6q9SNZ2":{"volume":99.946547,"cumulativeVolume":132.192129,"timestamp":1707416661720},"FcZyTG45fFSvUg2JRwpaaJW1wUtV2Y4iJAShgcgwP7cy":{"volume":0.004908,"cumulativeVolume":0.038071,"timestamp":1707416651910},"F3o6jAenehdhf2wDAiRLi37vFBkbDq44CyAeGEf9UyfR":{"volume":0.123318,"cumulativeVolume":0,"timestamp":1707416646563},"E8HMKFdbUPosYvsEN7KbZm32Cguwra7nNmqvgBjvKh2c":{"volume":0.028573,"cumulativeVolume":0,"timestamp":1707416646585},"8cMLoHL6SiwPVWK3AV6CgiaiVbZuKzafQ2nUki8FHdBR":{"volume":51.36005,"cumulativeVolume":51.36005,"timestamp":1707416655053},"5KhJ3fvCoQ4ybq237jLSgshSWsy942CpQPiPfrDPz2NM":{"volume":38.392085,"cumulativeVolume":0,"timestamp":1707416646813},"CQ5zZjWn7A1tSB3DhoZDgyJffxzFVGSybkGaL6GEwW4p":{"volume":141.685743,"cumulativeVolume":0,"timestamp":1707416646856},"FJicEk2NraKuB35jtaVfE8pA5SZwecDi9SJrDCUqnB3M":{"volume":0.009516,"cumulativeVolume":0,"timestamp":1707416648511},"3CUuTjiWTwiVfP6Y8azowcrmvbJ4Cnd83oiaK3KZ42k7":{"volume":3.474197,"cumulativeVolume":0,"timestamp":1707416649479},"4gqWx5yd9nSN7Xu74rYrXS32UPR7YKJTKNnwTrGAvX9M":{"volume":0.000002,"cumulativeVolume":0,"timestamp":1707416650265},"5SgbEBpr6jPNZC2PXk4FkMBa7kkNctrXZmNGZyQCYSxh":{"volume":85.927591,"cumulativeVolume":0,"timestamp":1707416650596},"9HnKM5xiDHYGEjBbSjz6hrjyWW7KDRbGu6GKpsFeoCWP":{"volume":42.743429,"cumulativeVolume":0,"timestamp":1707416651443},"Sf4D3yLnGBEjmvSw9djJWuy2E67qbWmpjieXr4JGPw8":{"volume":0.076343,"cumulativeVolume":0,"timestamp":1707416652143},"7xhc6KD3NadqDGPq3URucgd9yQXadEXVMkZ62K3uBq8L":{"volume":51.364964,"cumulativeVolume":51.364964,"timestamp":1707416664169},"J1cjhT2dtNosqZLddJexERrepZwrKDCN2Dzd9FxpNvwg":{"volume":0.000003,"cumulativeVolume":0,"timestamp":1707416653479},"6kanYT1nMg5bJo19jj83GpFD7wJM5zzPZJj6CGSSpXQU":{"volume":3.851975,"cumulativeVolume":0,"timestamp":1707416653489},"5JvnT4s1927yKEfgdqL6TKFUbygQDeNXymNGDar46hPw":{"volume":0.062297,"cumulativeVolume":0.062297,"timestamp":1707416662916},"yomFPUqz1wJwYSfD5tZJUtS3bNb8xs8mx9XzBv8RL39":{"volume":16680.849205,"cumulativeVolume":0,"timestamp":1707416653814},"Acvuar6zch3yhVbNNcrQSKHMoDzMZrmWhRqzhKs2zvFC":{"volume":0,"cumulativeVolume":0,"timestamp":1707416653835},"Fxgdfsy1Z5Mvh53o69s2Ev6TGxtAJ1RQ5RJ5moCpKmQZ":{"volume":40.772621,"cumulativeVolume":0,"timestamp":1707416654307},"HqLRjru6pD6GFGnQ7TwSSGQRuPhF8UZNey9T4yCsZzuq":{"volume":18.019156,"cumulativeVolume":0,"timestamp":1707416655510},"FLrgwxXaX8q8ECF18weDf3PLAYorXST5orpY34d8jfbm":{"volume":13.784116,"cumulativeVolume":0,"timestamp":1707416655517},"J7Zh2aHA1fdcVJx1WHC7gcihLMjdtXw7KGhb3JVKwxsp":{"volume":1.245138,"cumulativeVolume":0,"timestamp":1707416655570},"6P8iVfQb76dnLVbb2YFcAJ2eU5r3feBGbNAzQVceu9WW":{"volume":0.000003,"cumulativeVolume":0.000003,"timestamp":1707416658486},"6GUNHYpjwzemt6hHmmujS4xebz7Ny2bJi1gcAkgkdY4S":{"volume":4.265679,"cumulativeVolume":0,"timestamp":1707416656320},"596E8VYysZjWbNfqYjMANqQdKnzcu31GSxELKVc5SEow":{"volume":51.369933,"cumulativeVolume":94.399157,"timestamp":1707416664809},"43DCU6q6YQr9R8ymqoKvuAfGQdn83BcmJooiHoBzrg4B":{"volume":1.039964,"cumulativeVolume":0,"timestamp":1707416656944},"7cuu94swKL5PtFQohKMAzyd1mjj65rgMW3GzLY31HCnK":{"volume":6.557276,"cumulativeVolume":0,"timestamp":1707416658197},"2g4o5LLBFr2JHjwLveRFA8aeaHiX4qTjCmmcSBZCqEGa":{"volume":10.273472,"cumulativeVolume":0,"timestamp":1707416660003},"CaZ3UeXhpfzPLXooMvP7mCAYVyotmG7kwpVutVQF8hTw":{"volume":0.462246,"cumulativeVolume":0,"timestamp":1707416661339},"EB54Nt1ydAgMR3edpaXEwb16R8TfF1enJ7zaYSefo7wH":{"volume":1348.438606,"cumulativeVolume":0,"timestamp":1707416662864},